板橋區,房地(土地+建物),新北市板橋區光環路二段31~60號,13.52,住,,,1050618,土地1建物1車位0,五層,二十層,住宅大樓(11層含以上有電梯),見其他登記事項,鋼骨鋼筋混凝土造,1071213,94.81,2,2,2,有,有,14200000,149773,,0.0,0,,RPQNMLLKKHOFFAF57CA
板橋區,土地,江子翠段第一崁小段31~60地號,16.2,其他,,,1080125,土地1建物0車位0,,,其他,,,,0.0,0,0,0,有,無,1750000,108025,,0.0,0,包含公共設施保留地之交易。;,RPSNMLLKKHOFFAF77CA
板橋區,房地(土地+建物),新北市板橋區民生路二段226巷1~30號,12.2,住,,,1080104,土地1建物1車位0,五層,五層,公寓(5樓含以下無電梯),住家用,鋼筋混凝土造,,40.05,0,0,0,無,無,4250000,106117,,0.0,0,,RPVNMLMKKHOFFAF18CA
土城區,房地(土地+建物)+車位,新北市土城區中華路一段31~60號,10.36,住,,,1071230,土地1建物1車位1,十層,十九層,住宅大樓(11層含以上有電梯),住家用,鋼筋混凝土造,0840121,163.04,3,2,2,有,有,13300000,81570,坡道平面,0.0,0,含增建或未登記建物。內含獨立產權公設，未包含在棟數內。本案車位面積無法拆算。,RPUQMLMKKHOFFAF38CA
板橋區,房地(土地+建物)+車位,新北市板橋區中山路二段412巷29弄1~30號,15.61,住,,,1071228,土地1建物1車位1,七層,二十一層,住宅大樓(11層含以上有電梯),住家用,鋼筋混凝土造,1030808,140.43,2,2,1,有,有,16100000,114648,坡道平面,31.57,0,,RPQNMLNKKHOFFAF77CA
板橋區,房地(土地+建物),新北市板橋區莊敬路263巷1~30號,37.5,住,,,1080110,土地1建物1車位0,三層，陽台,四層,公寓(5樓含以下無電梯),住家用,加強磚造,,84.98,3,1,1,有,無,9250000,108849,,0.0,0,含增建或未登記建物。,RPRNMLNKKHOFFAF87CA
板橋區,房地(土地+建物),新北市板橋區民生路一段91~120號,8.03,住,,,1071227,土地1建物1車位0,四層,二十一層,住宅大樓(11層含以上有電梯),住家用,鋼骨鋼筋混凝土造,0990831,68.77000000000001,2,1,1,有,有,9600000,139596,,0.0,0,,RPWNMLNKKHOFFAF38CA
土城區,房地(土地+建物),新北市土城區中州路30巷1~30號,12.53,住,,,1080109,土地5建物1車位0,十三層,十九層,住宅大樓(11層含以上有電梯),住家用,鋼筋混凝土造,1020503,78.24,2,1,1,有,有,7030000,89852,,0.0,0,含增建或未登記建物。權利人姓名有難字。,RPXNMLNKKHOFFAF48CA
土城區,房地(土地+建物),新北市土城區永安街1~30號,19.01,住,,,1080118,土地1建物1車位0,四層,五層,公寓(5樓含以下無電梯),住家用,鋼筋混凝土造,0700728,72.0,2,2,1,有,無,5300000,73611,,0.0,0,,RPOOMLNKKHOFFAF67CA
板橋區,房地(土地+建物),新北市板橋區莊敬路31~60號,3.03,商,,,1080128,土地1建物1車位0,五層,十九層,住宅大樓(11層含以上有電梯),住家用,鋼筋混凝土造,0870416,46.05,1,1,1,有,有,1100000,23887,,0.0,0,受債權債務影響或債務抵償之交易。;,RPQOMLNKKHOFFAF87CA
板橋區,車位,新北市板橋區中山路一段50巷31~60號,0.47,商,,,1080101,土地0建物0車位1,,,其他,,,,49.38,0,0,0,有,有,2250000,,坡道平面,49.38,2250000,單獨車位交易。;,RPQNMLOKKHOFFAF87CA
板橋區,房地(土地+建物),新北市板橋區中山路二段40巷31~60號,26.6,住,,,1071223,土地1建物1車位0,一層，平台,五層,公寓(5樓含以下無電梯),住家用,鋼筋混凝土造,0690806,92.31,2,2,2,有,無,14000000,151663,,0.0,0,,RPWNMLPKKHOFFAF58CA
板橋區,房地(土地+建物),新北市板橋區成都街61~90號,27.25,住,,,1071212,土地1建物1車位0,三層,四層,公寓(5樓含以下無電梯),住家用,鋼筋混凝土造,0640607,83.22,3,2,1,有,無,9500000,114155,,0.0,0,,RPPNMLKLKHOFFAF47CA
板橋區,房地(土地+建物),新北市板橋區華江一路181~210號,5.14,商,,,1051015,土地1建物1車位0,十六層,十九層,住宅大樓(11層含以上有電梯),見其他登記事項,鋼筋混凝土造,1071227,68.89,0,0,0,無,有,9000000,130643,,0.0,0,土地及建物分次登記案件。前案土地登記收件字號：;,RPRPMLPLKHOFFAF38CA
板橋區,房地(土地+建物),新北市板橋區華江一路181~210號,3.67,商,,,1050716,土地1建物1車位0,二層,十九層,住宅大樓(11層含以上有電梯),見其他登記事項,鋼筋混凝土造,1071227,49.71,0,0,0,無,有,6190000,124522,,0.0,0,土地及建物分次登記案件。前案土地登記收件字號：;,RPUPMLPLKHOFFAF68CA
板橋區,房地(土地+建物),新北市板橋區華江一路181~210號,3.67,商,,,1050711,土地1建物1車位0,三層,十九層,住宅大樓(11層含以上有電梯),見其他登記事項,鋼筋混凝土造,1071227,49.71,0,0,0,無,有,6190000,124522,,0.0,0,土地及建物分次登記案件。前案土地登記收件字號：;,RPWPMLPLKHOFFAF88CA
板橋區,房地(土地+建物),新北市板橋區華江一路181~210號,8.81,商,,,1050808,土地1建物1車位0,九層,十九層,住宅大樓(11層含以上有電梯),見其他登記事項,鋼筋混凝土造,1071227,115.02,0,0,0,無,有,14470000,125804,,0.0,0,土地及建物分次登記案件。前案土地登記收件字號：;,RPTQMLPLKHOFFAF68CA
板橋區,房地(土地+建物),新北市板橋區華江一路181~210號,8.44,商,,,1051111,土地1建物1車位0,六層,十九層,住宅大樓(11層含以上有電梯),見其他登記事項,鋼筋混凝土造,1071227,113.62,0,0,0,無,有,14000000,123218,,0.0,0,土地及建物分次登記案件。前案土地登記收件字號：;,RPURMLPLKHOFFAF88CA
板橋區,房地(土地+建物),新北市板橋區華江一路181~210號,5.87,商,,,1060108,土地1建物1車位0,十四層,十九層,住宅大樓(11層含以上有電梯),見其他登記事項,鋼筋混凝土造,1071227,77.47,0,0,0,無,有,10320000,133213,,0.0,0,土地及建物分次登記案件。前案土地登記收件字號：;,RPOTMLPLKHOFFAF48CA
板橋區,房地(土地+建物),新北市板橋區華江一路181~210號,5.51,商,,,1060630,土地1建物1車位0,十三層,十九層,住宅大樓(11層含以上有電梯),見其他登記事項,鋼筋混凝土造,1071227,71.26,0,0,0,無,有,9180000,128824,,0.0,0,,RPRNMLQLKHOFFAF28CA
板橋區,房地(土地+建物),新北市板橋區華江一路181~210號,5.51,商,,,1060220,土地1建物1車位0,十六層,十九層,住宅大樓(11層含以上有電梯),見其他登記事項,鋼筋混凝土造,1071227,71.26,0,0,0,無,有,9050000,127000,,0.0,0,土地及建物分次登記案件。前案土地登記收件字號：;,RPTNMLQLKHOFFAF48CA
板橋區,房地(土地+建物),新北市板橋區華江一路181~210號,4.41,商,,,1050720,土地1建物1車位0,三層,十九層,住宅大樓(11層含以上有電梯),見其他登記事項,鋼筋混凝土造,1071227,59.61,0,0,0,無,有,7360000,123469,,0.0,0,土地及建物分次登記案件。前案土地登記收件字號：;,RPVNMLQLKHOFFAF68CA
板橋區,房地(土地+建物),新北市板橋區華江一路181~210號,4.41,商,,,1050709,土地1建物1車位0,六層,十九層,住宅大樓(11層含以上有電梯),見其他登記事項,鋼筋混凝土造,1071227,57.58,0,0,0,無,有,7160000,124349,,0.0,0,土地及建物分次登記案件。前案土地登記收件字號：;,RPPOMLQLKHOFFAF18CA
板橋區,房地(土地+建物),新北市板橋區華江一路181~210號,4.41,商,,,1050708,土地1建物1車位0,五層,十九層,住宅大樓(11層含以上有電梯),見其他登記事項,鋼筋混凝土造,1071227,57.58,0,0,0,無,有,7770000,134943,,0.0,0,土地及建物分次登記案件。前案土地登記收件字號：;,RPSOMLQLKHOFFAF48CA
板橋區,房地(土地+建物),新北市板橋區華江一路181~210號,4.41,商,,,1050919,土地1建物1車位0,十六層,十九層,住宅大樓(11層含以上有電梯),見其他登記事項,鋼筋混凝土造,1071227,57.58,0,0,0,無,有,7420000,128864,,0.0,0,土地及建物分次登記案件。前案土地登記收件字號：;,RPTPMLQLKHOFFAF68CA
板橋區,房地(土地+建物),新北市板橋區華江一路211~240號,5.51,商,,,1051015,土地1建物1車位0,二層,十九層,住宅大樓(11層含以上有電梯),見其他登記事項,鋼筋混凝土造,1071227,74.6,0,0,0,無,有,9180000,123056,,0.0,0,土地及建物分次登記案件。前案土地登記收件字號：;,RPTUMLQLKHOFFAF56CA
板橋區,房地(土地+建物),新北市板橋區華江一路151~180號,4.41,商,,,1050718,土地1建物1車位0,十八層,十九層,住宅大樓(11層含以上有電梯),見其他登記事項,鋼筋混凝土造,1071227,57.2,1,1,1,有,有,9010000,157517,,0.0,0,土地及建物分次登記案件。前案土地登記收件字號：;,RPQTNLQLKHOFFAF88CA
板橋區,房地(土地+建物),新北市板橋區華江一路151~180號,4.41,商,,,1050725,土地1建物1車位0,十七層,十九層,住宅大樓(11層含以上有電梯),見其他登記事項,鋼筋混凝土造,1071227,57.2,1,1,1,有,有,8970000,156818,,0.0,0,土地及建物分次登記案件。前案土地登記收件字號：;,RPSTNLQLKHOFFAF09CA
板橋區,房地(土地+建物),新北市板橋區華江一路151~180號,4.41,商,,,1050710,土地0建物1車位0,十六層,十九層,住宅大樓(11層含以上有電梯),見其他登記事項,鋼筋混凝土造,1071227,57.2,1,1,1,有,有,8970000,156818,,0.0,0,土地及建物分次登記案件。前案土地登記收件字號：;,RPTTNLQLKHOFFAF56CA
板橋區,房地(土地+建物),新北市板橋區華江一路151~180號,4.41,商,,,1050929,土地1建物1車位0,十四層,十九層,住宅大樓(11層含以上有電梯),見其他登記事項,鋼筋混凝土造,1071227,57.2,1,1,1,有,有,8620000,150699,,0.0,0,土地及建物分次登記案件。前案土地登記收件字號：;,RPWTNLQLKHOFFAF86CA
板橋區,房地(土地+建物),新北市板橋區華江一路151~180號,4.41,商,,,1050713,土地1建物1車位0,十三層,十九層,住宅大樓(11層含以上有電梯),見其他登記事項,鋼筋混凝土造,1071227,57.2,1,1,1,有,有,8200000,143357,,0.0,0,土地及建物分次登記案件。前案土地登記收件字號：;,RPXTNLQLKHOFFAF96CA
板橋區,房地(土地+建物),新北市板橋區華江一路151~180號,4.41,商,,,1050728,土地1建物1車位0,十二層,十九層,住宅大樓(11層含以上有電梯),見其他登記事項,鋼筋混凝土造,1071227,57.2,1,1,1,有,有,8680000,151748,,0.0,0,土地及建物分次登記案件。前案土地登記收件字號：;,RPOUNLQLKHOFFAF78CA
板橋區,房地(土地+建物),新北市板橋區華江一路151~180號,4.41,商,,,1050711,土地1建物1車位0,十一層,十九層,住宅大樓(11層含以上有電梯),見其他登記事項,鋼筋混凝土造,1071227,57.2,1,1,1,有,有,8170000,142832,,0.0,0,土地及建物分次登記案件。前案土地登記收件字號：;,RPPUNLQLKHOFFAF88CA
板橋區,房地(土地+建物),新北市板橋區華江一路151~180號,4.41,商,,,1050712,土地1建物1車位0,十層,十九層,住宅大樓(11層含以上有電梯),見其他登記事項,鋼筋混凝土造,1071227,57.2,1,1,1,有,有,8170000,142832,,0.0,0,土地及建物分次登記案件。前案土地登記收件字號：;,RPQUNLQLKHOFFAF98CA
板橋區,房地(土地+建物),新北市板橋區華江一路151~180號,4.41,商,,,1050708,土地1建物1車位0,六層,十九層,住宅大樓(11層含以上有電梯),見其他登記事項,鋼筋混凝土造,1071227,57.2,1,1,1,有,有,8080000,141259,,0.0,0,土地及建物分次登記案件。前案土地登記收件字號：;,RPRUNLQLKHOFFAF09CA
板橋區,房地(土地+建物),新北市板橋區華江一路181~210號,4.41,商,,,1051029,土地1建物1車位0,十四層,十九層,住宅大樓(11層含以上有電梯),見其他登記事項,鋼筋混凝土造,1071227,59.379999999999995,0,0,0,無,有,8920000,150219,,0.0,0,土地及建物分次登記案件。前案土地登記收件字號：;,RPPSMLRLKHOFFAF68CA
板橋區,房地(土地+建物),新北市板橋區華江一路181~210號,4.41,商,,,1050712,土地1建物1車位0,十五層,十九層,住宅大樓(11層含以上有電梯),見其他登記事項,鋼筋混凝土造,1071227,59.379999999999995,0,0,0,無,有,8740000,147188,,0.0,0,土地及建物分次登記案件。前案土地登記收件字號：;,RPQSMLRLKHOFFAF78CA
板橋區,房地(土地+建物),新北市板橋區華江一路181~210號,4.41,商,,,1050803,土地1建物1車位0,十七層,十九層,住宅大樓(11層含以上有電梯),見其他登記事項,鋼筋混凝土造,1071227,59.379999999999995,0,0,0,無,有,9310000,156787,,0.0,0,土地及建物分次登記案件。前案土地登記收件字號：;,RPTSMLRLKHOFFAF09CA
板橋區,房地(土地+建物),新北市板橋區華江一路181~210號,4.41,商,,,1050719,土地1建物1車位0,十八層,十九層,住宅大樓(11層含以上有電梯),見其他登記事項,鋼筋混凝土造,1071227,59.379999999999995,0,0,0,無,有,8620000,145167,,0.0,0,土地及建物分次登記案件。前案土地登記收件字號：;,RPUSMLRLKHOFFAF56CA
板橋區,房地(土地+建物),新北市板橋區華江一路181~210號,4.41,商,,,1050713,土地1建物1車位0,七層,十九層,住宅大樓(11層含以上有電梯),見其他登記事項,鋼筋混凝土造,1071227,57.5,0,0,0,無,有,8180000,142261,,0.0,0,土地及建物分次登記案件。前案土地登記收件字號：;,RPPTMLRLKHOFFAF78CA
板橋區,房地(土地+建物),新北市板橋區華江一路181~210號,4.41,商,,,1050807,土地1建物1車位0,十三層,十九層,住宅大樓(11層含以上有電梯),見其他登記事項,鋼筋混凝土造,1071227,57.5,0,0,0,無,有,8880000,154435,,0.0,0,土地及建物分次登記案件。前案土地登記收件字號：;,RPRTMLRLKHOFFAF98CA
板橋區,房地(土地+建物),新北市板橋區華江一路181~210號,4.41,商,,,1050826,土地1建物1車位0,十四層,十九層,住宅大樓(11層含以上有電梯),見其他登記事項,鋼筋混凝土造,1071227,57.5,0,0,0,無,有,8700000,151304,,0.0,0,土地及建物分次登記案件。前案土地登記收件字號：;,RPTTMLRLKHOFFAF56CA
板橋區,房地(土地+建物),新北市板橋區華江一路181~210號,4.41,商,,,1050711,土地1建物1車位0,十七層,十九層,住宅大樓(11層含以上有電梯),見其他登記事項,鋼筋混凝土造,1071227,57.5,0,0,0,無,有,9020000,156870,,0.0,0,土地及建物分次登記案件。前案土地登記收件字號：;,RPUTMLRLKHOFFAF66CA
板橋區,房地(土地+建物),新北市板橋區華江一路151~180號,5.14,商,,,1050910,土地1建物1車位0,十三層,十九層,住宅大樓(11層含以上有電梯),見其他登記事項,鋼筋混凝土造,1071227,68.33,2,2,1,有,有,10050000,147080,,0.0,0,土地及建物分次登記案件。前案土地登記收件字號：;,RPUUMLRLKHOFFAF76CA
板橋區,房地(土地+建物),新北市板橋區華江一路151~180號,5.14,商,,,1050727,土地1建物1車位0,十一層,十九層,住宅大樓(11層含以上有電梯),見其他登記事項,鋼筋混凝土造,1071227,68.33,2,2,1,有,有,9550000,139763,,0.0,0,土地及建物分次登記案件。前案土地登記收件字號：;,RPQWMLRLKHOFFAF56CA
板橋區,房地(土地+建物),新北市板橋區華江一路181~210號,4.41,商,,,1050707,土地1建物1車位0,十層,十九層,住宅大樓(11層含以上有電梯),見其他登記事項,鋼筋混凝土造,1071227,57.58,0,0,0,無,有,7250000,125912,,0.0,0,土地及建物分次登記案件。前案土地登記收件字號：;,RPUNMLOJLHOFFAF28CA
板橋區,房地(土地+建物),新北市板橋區華江一路181~210號,4.41,商,,,1050709,土地1建物1車位0,十三層,十九層,住宅大樓(11層含以上有電梯),見其他登記事項,鋼筋混凝土造,1071227,57.58,0,0,0,無,有,7280000,126433,,0.0,0,土地及建物分次登記案件。前案土地登記收件字號：;,RPVNMLOJLHOFFAF38CA
板橋區,房地(土地+建物),新北市板橋區華江一路181~210號,4.41,商,,,1050713,土地1建物1車位0,十四層,十九層,住宅大樓(11層含以上有電梯),見其他登記事項,鋼筋混凝土造,1071227,57.58,0,0,0,無,有,7400000,128517,,0.0,0,土地及建物分次登記案件。前案土地登記收件字號：;,RPWNMLOJLHOFFAF48CA
板橋區,房地(土地+建物),新北市板橋區華江一路181~210號,4.41,商,,,1050710,土地1建物1車位0,十層,十九層,住宅大樓(11層含以上有電梯),見其他登記事項,鋼筋混凝土造,1071227,59.379999999999995,1,1,1,有,有,8480000,142809,,0.0,0,土地及建物分次登記案件。前案土地登記收件字號：;,RPQOMLOJLHOFFAF97CA
板橋區,房地(土地+建物),新北市板橋區華江一路181~210號,4.41,商,,,1050716,土地1建物1車位0,十一層,十九層,住宅大樓(11層含以上有電梯),見其他登記事項,鋼筋混凝土造,1071227,59.379999999999995,1,1,1,有,有,8480000,142809,,0.0,0,土地及建物分次登記案件。前案土地登記收件字號：;,RPROMLOJLHOFFAF08CA
板橋區,房地(土地+建物)+車位,新北市板橋區華江一路181~210號,5.51,商,,,1050729,土地1建物1車位1,五層,十九層,住宅大樓(11層含以上有電梯),見其他登記事項,鋼筋混凝土造,1071227,92.87,0,0,0,無,有,10640000,114569,坡道平面,23.98,0,土地及建物分次登記案件。前案土地登記收件字號：;,RPSPMLMKLHOFFAF18CA
板橋區,房地(土地+建物)+車位,新北市板橋區華江一路181~210號,5.51,商,,,1050708,土地1建物1車位1,七層,十九層,住宅大樓(11層含以上有電梯),見其他登記事項,鋼筋混凝土造,1071227,92.87,0,0,0,無,有,10050000,108216,坡道平面,23.98,0,土地及建物分次登記案件。前案土地登記收件字號：;,RPXPMLMKLHOFFAF68CA
板橋區,房地(土地+建物)+車位,新北市板橋區華江一路181~210號,5.51,商,,,1050730,土地1建物1車位1,八層,十九層,住宅大樓(11層含以上有電梯),見其他登記事項,鋼筋混凝土造,1071227,90.95,0,0,0,無,有,10100000,111050,坡道平面,22.06,0,土地及建物分次登記案件。前案土地登記收件字號：;,RPPQMLMKLHOFFAF97CA
板橋區,房地(土地+建物)+車位,新北市板橋區華江一路181~210號,5.51,商,,,1050715,土地1建物1車位1,十層,十九層,住宅大樓(11層含以上有電梯),見其他登記事項,鋼筋混凝土造,1071227,90.95,0,0,0,無,有,10240000,112589,坡道平面,22.06,0,土地及建物分次登記案件。前案土地登記收件字號：;,RPQQMLMKLHOFFAF08CA
板橋區,房地(土地+建物)+車位,新北市板橋區華江一路181~210號,5.51,商,,,1050711,土地1建物1車位1,十二層,十九層,住宅大樓(11層含以上有電梯),見其他登記事項,鋼筋混凝土造,1071227,90.95,0,0,0,無,有,10280000,113029,坡道平面,22.06,0,土地及建物分次登記案件。前案土地登記收件字號：;,RPRQMLMKLHOFFAF18CA
板橋區,房地(土地+建物)+車位,新北市板橋區華江一路181~210號,5.51,商,,,1050924,土地1建物1車位1,十八層,十九層,住宅大樓(11層含以上有電梯),見其他登記事項,鋼筋混凝土造,1071227,92.87,0,0,0,無,有,11000000,118445,坡道平面,23.98,0,土地及建物分次登記案件。前案土地登記收件字號：;,RPSQMLMKLHOFFAF28CA
板橋區,房地(土地+建物)+車位,新北市板橋區華江一路181~210號,8.08,商,,,1050807,土地1建物1車位1,十九層，見其他登記事項,十九層,住宅大樓(11層含以上有電梯),見其他登記事項,鋼筋混凝土造,1071227,125.47,0,0,0,無,有,16400000,130709,坡道平面,23.98,0,土地及建物分次登記案件。前案土地登記收件字號：;,RPTQMLMKLHOFFAF38CA
板橋區,房地(土地+建物)+車位,新北市板橋區華江一路181~210號,8.81,商,,,1050717,土地1建物1車位1,四層,十九層,住宅大樓(11層含以上有電梯),見其他登記事項,鋼筋混凝土造,1071227,137.16,0,0,0,無,有,17570000,128099,坡道平面,23.98,0,土地及建物分次登記案件。前案土地登記收件字號：;,RPUQMLMKLHOFFAF48CA
板橋區,房地(土地+建物)+車位,新北市板橋區華江一路181~210號,9.18,商,,,1050729,土地1建物1車位1,六層,十九層,住宅大樓(11層含以上有電梯),見其他登記事項,鋼筋混凝土造,1071227,139.0,0,0,0,無,有,17100000,123022,坡道平面,23.98,0,土地及建物分次登記案件。前案土地登記收件字號：;,RPVQMLMKLHOFFAF58CA
板橋區,房地(土地+建物)+車位,新北市板橋區華江一路181~210號,9.18,商,,,1050726,土地1建物1車位1,十層,十九層,住宅大樓(11層含以上有電梯),見其他登記事項,鋼筋混凝土造,1071227,139.0,0,0,0,無,有,16070000,115612,坡道平面,23.98,0,土地及建物分次登記案件。前案土地登記收件字號：;,RPWQMLMKLHOFFAF68CA
板橋區,房地(土地+建物)+車位,新北市板橋區華江一路181~210號,9.18,商,,,1050902,土地1建物1車位1,十四層,十九層,住宅大樓(11層含以上有電梯),見其他登記事項,鋼筋混凝土造,1071227,139.0,0,0,0,無,有,17000000,122302,坡道平面,23.98,0,土地及建物分次登記案件。前案土地登記收件字號：;,RPXQMLMKLHOFFAF78CA
板橋區,房地(土地+建物)+車位,新北市板橋區華江一路181~210號,9.18,商,,,1051009,土地1建物1車位1,十六層,十九層,住宅大樓(11層含以上有電梯),見其他登記事項,鋼筋混凝土造,1071227,141.18,0,0,0,無,有,15500000,109789,坡道平面,26.16,0,土地及建物分次登記案件。前案土地登記收件字號：;,RPORMLMKLHOFFAF97CA
板橋區,房地(土地+建物)+車位,新北市板橋區華江一路181~210號,9.18,商,,,1050730,土地1建物1車位1,十八層,十九層,住宅大樓(11層含以上有電梯),見其他登記事項,鋼筋混凝土造,1071227,139.0,0,0,0,無,有,17070000,122806,坡道平面,23.98,0,土地及建物分次登記案件。前案土地登記收件字號：;,RPQRMLMKLHOFFAF18CA
板橋區,房地(土地+建物)+車位,新北市板橋區華江一路181~210號,8.44,商,,,1050711,土地1建物1車位1,三層,十九層,住宅大樓(11層含以上有電梯),見其他登記事項,鋼筋混凝土造,1071227,132.69,0,0,0,無,有,14880000,112141,坡道平面,23.98,0,土地及建物分次登記案件。前案土地登記收件字號：;,RPRRMLMKLHOFFAF28CA
板橋區,房地(土地+建物)+車位,新北市板橋區華江一路181~210號,8.81,商,,,1050711,土地1建物1車位1,七層,十九層,住宅大樓(11層含以上有電梯),見其他登記事項,鋼筋混凝土造,1071227,137.6,0,0,0,無,有,15920000,115698,坡道平面,23.98,0,土地及建物分次登記案件。前案土地登記收件字號：;,RPTRMLMKLHOFFAF48CA
板橋區,房地(土地+建物)+車位,新北市板橋區華江一路181~210號,9.18,商,,,1050903,土地1建物1車位1,十四層,十九層,住宅大樓(11層含以上有電梯),見其他登記事項,鋼筋混凝土造,1071227,159.66,0,0,0,無,有,17600000,110234,坡道平面,46.04,0,土地及建物分次登記案件。前案土地登記收件字號：;,RPURMLMKLHOFFAF58CA
板橋區,房地(土地+建物)+車位,新北市板橋區華江一路181~210號,8.81,商,,,1051027,土地1建物1車位1,十六層,十九層,住宅大樓(11層含以上有電梯),見其他登記事項,鋼筋混凝土造,1071227,139.78,0,0,0,無,有,15360000,109887,坡道平面,26.16,0,土地及建物分次登記案件。前案土地登記收件字號：;,RPWRMLMKLHOFFAF78CA
板橋區,房地(土地+建物)+車位,新北市板橋區華江一路181~210號,5.51,商,,,1050709,土地1建物1車位1,二層,十九層,住宅大樓(11層含以上有電梯),見其他登記事項,鋼筋混凝土造,1071227,89.12,0,0,0,無,有,9750000,109403,坡道平面,22.06,0,土地及建物分次登記案件。前案土地登記收件字號：;,RPOSMLMKLHOFFAF08CA
板橋區,房地(土地+建物)+車位,新北市板橋區華江一路181~210號,6.24,商,,,1050709,土地1建物1車位1,五層,十九層,住宅大樓(11層含以上有電梯),見其他登記事項,鋼筋混凝土造,1071227,101.45,0,0,0,無,有,11450000,112863,坡道平面,23.98,0,土地及建物分次登記案件。前案土地登記收件字號：;,RPPSMLMKLHOFFAF18CA
板橋區,房地(土地+建物)+車位,新北市板橋區華江一路181~210號,6.24,商,,,1050710,土地1建物1車位1,六層,十九層,住宅大樓(11層含以上有電梯),見其他登記事項,鋼筋混凝土造,1071227,101.45,0,0,0,無,有,11380000,112173,坡道平面,23.98,0,土地及建物分次登記案件。前案土地登記收件字號：;,RPQSMLMKLHOFFAF28CA
板橋區,房地(土地+建物)+車位,新北市板橋區華江一路181~210號,6.24,商,,,1050711,土地1建物1車位1,七層,十九層,住宅大樓(11層含以上有電梯),見其他登記事項,鋼筋混凝土造,1071227,99.54,0,0,0,無,有,11200000,112518,坡道平面,22.06,0,土地及建物分次登記案件。前案土地登記收件字號：;,RPOVMLMKLHOFFAF38CA
板橋區,房地(土地+建物)+車位,新北市板橋區華江一路181~210號,6.24,商,,,1050711,土地1建物1車位1,八層,十九層,住宅大樓(11層含以上有電梯),見其他登記事項,鋼筋混凝土造,1071227,101.45,0,0,0,無,有,11350000,111878,坡道平面,23.98,0,土地及建物分次登記案件。前案土地登記收件字號：;,RPRVMLMKLHOFFAF68CA
板橋區,房地(土地+建物)+車位,新北市板橋區華江一路181~210號,6.24,商,,,1050711,土地1建物1車位1,十一層,十九層,住宅大樓(11層含以上有電梯),見其他登記事項,鋼筋混凝土造,1071227,101.45,0,0,0,無,有,11300000,111385,坡道平面,23.98,0,土地及建物分次登記案件。前案土地登記收件字號：;,RPTWMLMKLHOFFAF98CA
板橋區,房地(土地+建物)+車位,新北市板橋區華江一路181~210號,6.24,商,,,1050719,土地1建物1車位1,十三層,十九層,住宅大樓(11層含以上有電梯),見其他登記事項,鋼筋混凝土造,1071227,101.45,0,0,0,無,有,12050000,118778,坡道平面,23.98,0,土地及建物分次登記案件。前案土地登記收件字號：;,RPUSNLMKLHOFFAF78CA
板橋區,房地(土地+建物)+車位,新北市板橋區華江一路181~210號,6.24,商,,,1050827,土地1建物1車位1,十五層,十九層,住宅大樓(11層含以上有電梯),見其他登記事項,鋼筋混凝土造,1071227,101.45,0,0,0,無,有,11430000,112666,坡道平面,23.98,0,土地及建物分次登記案件。前案土地登記收件字號：;,RPWSNLMKLHOFFAF98CA
板橋區,房地(土地+建物)+車位,新北市板橋區華江一路181~210號,6.24,商,,,1050924,土地1建物1車位1,十六層,十九層,住宅大樓(11層含以上有電梯),見其他登記事項,鋼筋混凝土造,1071227,103.63,0,0,0,無,有,11600000,111937,坡道平面,26.16,0,土地及建物分次登記案件。前案土地登記收件字號：;,RPXSNLMKLHOFFAF09CA
板橋區,房地(土地+建物)+車位,新北市板橋區華江一路181~210號,6.24,商,,,1050710,土地1建物1車位1,十七層,十九層,住宅大樓(11層含以上有電梯),見其他登記事項,鋼筋混凝土造,1071227,101.45,0,0,0,無,有,12550000,123706,坡道平面,23.98,0,土地及建物分次登記案件。前案土地登記收件字號：;,RPOTNLMKLHOFFAF28CA
板橋區,房地(土地+建物)+車位,新北市板橋區華江一路181~210號,6.24,商,,,1050808,土地1建物1車位1,十八層,十九層,住宅大樓(11層含以上有電梯),見其他登記事項,鋼筋混凝土造,1071227,99.54,0,0,0,無,有,12030000,120856,坡道平面,22.06,0,土地及建物分次登記案件。前案土地登記收件字號：;,RPTTNLMKLHOFFAF78CA
板橋區,房地(土地+建物)+車位,新北市板橋區華江一路181~210號,6.24,商,,,1050707,土地1建物1車位1,二層,十九層,住宅大樓(11層含以上有電梯),見其他登記事項,鋼筋混凝土造,1071227,99.25,0,0,0,無,有,10740000,108212,坡道平面,23.98,0,土地及建物分次登記案件。前案土地登記收件字號：;,RPXTNLMKLHOFFAF56CA
板橋區,房地(土地+建物)+車位,新北市板橋區華江一路181~210號,5.87,商,,,1050711,土地1建物1車位1,五層,十九層,住宅大樓(11層含以上有電梯),見其他登記事項,鋼筋混凝土造,1071227,95.24000000000001,0,0,0,無,有,10300000,108148,坡道平面,23.98,0,土地及建物分次登記案件。前案土地登記收件字號：;,RPOUNLMKLHOFFAF38CA
板橋區,房地(土地+建物)+車位,新北市板橋區華江一路181~210號,5.87,商,,,1051027,土地1建物1車位1,七層,十九層,住宅大樓(11層含以上有電梯),見其他登記事項,鋼筋混凝土造,1071227,93.33,0,0,0,無,有,10330000,110683,坡道平面,22.06,0,土地及建物分次登記案件。前案土地登記收件字號：;,RPSUNLMKLHOFFAF78CA
板橋區,房地(土地+建物)+車位,新北市板橋區華江一路181~210號,5.87,商,,,1050709,土地1建物1車位1,九層,十九層,住宅大樓(11層含以上有電梯),見其他登記事項,鋼筋混凝土造,1071227,93.33,0,0,0,無,有,10590000,113468,坡道平面,22.06,0,土地及建物分次登記案件。前案土地登記收件字號：;,RPTUNLMKLHOFFAF88CA
板橋區,房地(土地+建物)+車位,新北市板橋區華江一路181~210號,5.87,商,,,1050710,土地1建物1車位1,十層,十九層,住宅大樓(11層含以上有電梯),見其他登記事項,鋼筋混凝土造,1071227,95.24000000000001,0,0,0,無,有,10430000,109513,坡道平面,23.98,0,土地及建物分次登記案件。前案土地登記收件字號：;,RPVUNLMKLHOFFAF09CA
板橋區,房地(土地+建物)+車位,新北市板橋區華江一路181~210號,5.87,商,,,1050730,土地1建物1車位1,十二層,十九層,住宅大樓(11層含以上有電梯),見其他登記事項,鋼筋混凝土造,1071227,95.24000000000001,0,0,0,無,有,11420000,119908,坡道平面,23.98,0,土地及建物分次登記案件。前案土地登記收件字號：;,RPWUNLMKLHOFFAF56CA
板橋區,房地(土地+建物)+車位,新北市板橋區華江一路211~240號,7.71,商,,,1050710,土地1建物1車位1,十二層,十九層,住宅大樓(11層含以上有電梯),見其他登記事項,鋼筋混凝土造,1071227,117.31,0,0,0,無,有,13330000,113631,坡道平面,22.06,0,土地及建物分次登記案件。前案土地登記收件字號：;,RPOVNLMKLHOFFAF48CA
板橋區,房地(土地+建物)+車位,新北市板橋區華江一路181~210號,5.87,商,,,1060325,土地1建物1車位1,十五層,十九層,住宅大樓(11層含以上有電梯),見其他登記事項,鋼筋混凝土造,1071227,93.33,0,0,0,無,有,10330000,110683,坡道平面,22.06,0,土地及建物分次登記案件。前案土地登記收件字號：;,RPQVNLMKLHOFFAF68CA
板橋區,房地(土地+建物)+車位,新北市板橋區華江一路181~210號,5.14,商,,,1050811,土地1建物1車位1,一層,十九層,住宅大樓(11層含以上有電梯),見其他登記事項,鋼筋混凝土造,1071227,87.00999999999999,0,0,0,無,有,19000000,218366,坡道平面,22.06,0,土地及建物分次登記案件。前案土地登記收件字號：;,RPRVNLMKLHOFFAF78CA
板橋區,房地(土地+建物)+車位,新北市板橋區華江一路181~210號,6.61,商,,,1050723,土地1建物1車位1,一層,十九層,住宅大樓(11層含以上有電梯),見其他登記事項,鋼筋混凝土造,1071227,108.65,0,0,0,無,有,23290000,214358,坡道平面,23.98,0,土地及建物分次登記案件。前案土地登記收件字號：;,RPTVNLMKLHOFFAF98CA
板橋區,房地(土地+建物)+車位,新北市板橋區華江一路211~240號,7.71,商,,,1050916,土地1建物1車位1,十三層,十九層,住宅大樓(11層含以上有電梯),見其他登記事項,鋼筋混凝土造,1071227,117.31,0,0,0,無,有,13720000,116955,坡道平面,22.06,0,土地及建物分次登記案件。前案土地登記收件字號：;,RPVVNLMKLHOFFAF56CA
板橋區,房地(土地+建物)+車位,新北市板橋區華江一路211~240號,5.14,商,,,1051020,土地1建物1車位1,十六層,十九層,住宅大樓(11層含以上有電梯),見其他登記事項,鋼筋混凝土造,1071227,86.15,0,0,0,無,有,10680000,123970,坡道平面,22.06,0,土地及建物分次登記案件。前案土地登記收件字號：;,RPWVNLMKLHOFFAF66CA
板橋區,房地(土地+建物)+車位,新北市板橋區華江一路211~240號,5.14,商,,,1050912,土地1建物1車位1,十八層,十九層,住宅大樓(11層含以上有電梯),見其他登記事項,鋼筋混凝土造,1071227,86.15,0,0,0,無,有,9980000,115844,坡道平面,22.06,0,土地及建物分次登記案件。前案土地登記收件字號：;,RPXVNLMKLHOFFAF76CA
板橋區,房地(土地+建物)+車位,新北市板橋區華江一路211~240號,6.97,商,,,1060612,土地1建物1車位1,十九層，見其他登記事項,十九層,住宅大樓(11層含以上有電梯),見其他登記事項,鋼筋混凝土造,1071227,111.02000000000001,0,0,0,無,有,13800000,124302,坡道平面,23.98,0,土地及建物分次登記案件。前案土地登記收件字號：;,RPOWNLMKLHOFFAF58CA
板橋區,房地(土地+建物)+車位,新北市板橋區華江一路211~240號,5.87,商,,,1051008,土地1建物1車位1,三層,十九層,住宅大樓(11層含以上有電梯),見其他登記事項,鋼筋混凝土造,1071227,100.75999999999999,0,0,0,無,有,10580000,105002,坡道平面,26.16,0,土地及建物分次登記案件。前案土地登記收件字號：;,RPPWNLMKLHOFFAF68CA
板橋區,房地(土地+建物)+車位,新北市板橋區華江一路211~240號,6.97,商,,,1050909,土地1建物1車位1,四層,十九層,住宅大樓(11層含以上有電梯),見其他登記事項,鋼筋混凝土造,1071227,111.61,0,0,0,無,有,14120000,126512,坡道平面,22.06,0,土地及建物分次登記案件。前案土地登記收件字號：;,RPQWNLMKLHOFFAF78CA
板橋區,房地(土地+建物)+車位,新北市板橋區華江一路211~240號,8.08,商,,,1050711,土地1建物1車位1,五層,十九層,住宅大樓(11層含以上有電梯),見其他登記事項,鋼筋混凝土造,1071227,125.50999999999999,0,0,0,無,有,13390000,106685,坡道平面,23.98,0,土地及建物分次登記案件。前案土地登記收件字號：;,RPRWNLMKLHOFFAF88CA
板橋區,房地(土地+建物)+車位,新北市板橋區華江一路211~240號,8.08,商,,,1050929,土地1建物1車位1,六層,十九層,住宅大樓(11層含以上有電梯),見其他登記事項,鋼筋混凝土造,1071227,125.50999999999999,0,0,0,無,有,14280000,113776,坡道平面,23.98,0,土地及建物分次登記案件。前案土地登記收件字號：;,RPSWNLMKLHOFFAF98CA
板橋區,房地(土地+建物)+車位,新北市板橋區華江一路211~240號,8.08,商,,,1051119,土地1建物1車位1,七層,十九層,住宅大樓(11層含以上有電梯),見其他登記事項,鋼筋混凝土造,1071227,125.50999999999999,0,0,0,無,有,13990000,111465,坡道平面,23.98,0,土地及建物分次登記案件。前案土地登記收件字號：;,RPTWNLMKLHOFFAF09CA
板橋區,房地(土地+建物)+車位,新北市板橋區華江一路211~240號,8.08,商,,,1050729,土地1建物1車位1,八層,十九層,住宅大樓(11層含以上有電梯),見其他登記事項,鋼筋混凝土造,1071227,125.50999999999999,0,0,0,無,有,14640000,116644,坡道平面,23.98,0,土地及建物分次登記案件。前案土地登記收件字號：;,RPVWNLMKLHOFFAF66CA
板橋區,房地(土地+建物)+車位,新北市板橋區華江一路211~240號,8.08,商,,,1050911,土地1建物1車位1,九層,十九層,住宅大樓(11層含以上有電梯),見其他登記事項,鋼筋混凝土造,1071227,127.69,0,0,0,無,有,14120000,110580,坡道平面,26.16,0,土地及建物分次登記案件。前案土地登記收件字號：;,RPWWNLMKLHOFFAF76CA
板橋區,房地(土地+建物)+車位,新北市板橋區華江一路211~240號,8.81,商,,,1050922,土地1建物1車位1,十六層,十九層,住宅大樓(11層含以上有電梯),見其他登記事項,鋼筋混凝土造,1071227,133.13,0,0,0,無,有,15500000,116428,坡道平面,23.98,0,土地及建物分次登記案件。前案土地登記收件字號：;,RPXWNLMKLHOFFAF86CA
板橋區,房地(土地+建物)+車位,新北市板橋區華江一路211~240號,8.81,商,,,1050726,土地1建物1車位1,十七層,十九層,住宅大樓(11層含以上有電梯),見其他登記事項,鋼筋混凝土造,1071227,133.13,0,0,0,無,有,16110000,121010,坡道平面,23.98,0,土地及建物分次登記案件。前案土地登記收件字號：;,RPONOLMKLHOFFAF77CA
板橋區,房地(土地+建物)+車位,新北市板橋區華江一路211~240號,8.81,商,,,1051015,土地1建物1車位1,十八層,十九層,住宅大樓(11層含以上有電梯),見其他登記事項,鋼筋混凝土造,1071227,137.93,0,0,0,無,有,15500000,112376,坡道平面,28.77,0,土地及建物分次登記案件。前案土地登記收件字號：;,RPPNOLMKLHOFFAF87CA
板橋區,房地(土地+建物)+車位,新北市板橋區華江一路211~240號,11.38,商,,,1050711,土地1建物1車位1,十九層，見其他登記事項,十九層,住宅大樓(11層含以上有電梯),見其他登記事項,鋼筋混凝土造,1071227,169.66,0,0,0,無,有,21500000,126724,坡道平面,23.98,0,土地及建物分次登記案件。前案土地登記收件字號：;,RPQNOLMKLHOFFAF97CA
板橋區,房地(土地+建物)+車位,新北市板橋區華江一路181~210號,9.18,商,,,1050910,土地1建物1車位1,八層,十九層,住宅大樓(11層含以上有電梯),見其他登記事項,鋼筋混凝土造,1071227,139.0,0,0,0,無,有,16200000,116547,坡道平面,23.98,0,土地及建物分次登記案件。前案土地登記收件字號：;,RPRNOLMKLHOFFAF08CA
板橋區,房地(土地+建物)+車位,新北市板橋區華江一路181~210號,9.18,商,,,1050902,土地1建物1車位1,十七層,十九層,住宅大樓(11層含以上有電梯),見其他登記事項,鋼筋混凝土造,1071227,139.0,0,0,0,無,有,17000000,122302,坡道平面,23.98,0,土地及建物分次登記案件。前案土地登記收件字號：;,RPSNOLMKLHOFFAF18CA
板橋區,房地(土地+建物)+車位,新北市板橋區華江一路181~210號,5.87,商,,,1051027,土地1建物1車位1,十一層,十九層,住宅大樓(11層含以上有電梯),見其他登記事項,鋼筋混凝土造,1071227,93.33,0,0,0,無,有,10440000,111861,坡道平面,22.06,0,土地及建物分次登記案件。前案土地登記收件字號：;,RPTNOLMKLHOFFAF28CA
板橋區,房地(土地+建物)+車位,新北市板橋區華江一路181~210號,5.87,商,,,1050711,土地1建物1車位1,八層,十九層,住宅大樓(11層含以上有電梯),見其他登記事項,鋼筋混凝土造,1071227,95.24000000000001,0,0,0,無,有,10690000,112243,坡道平面,23.98,0,土地及建物分次登記案件。前案土地登記收件字號：;,RPUNOLMKLHOFFAF38CA
板橋區,房地(土地+建物)+車位,新北市板橋區華江一路151~180號,6.24,商,,,1050730,土地1建物1車位1,四層,十九層,住宅大樓(11層含以上有電梯),見其他登記事項,鋼筋混凝土造,1071227,99.13999999999999,0,0,0,無,有,12640000,127496,坡道平面,23.98,0,土地及建物分次登記案件。前案土地登記收件字號：;,RPVNOLMKLHOFFAF48CA
板橋區,房地(土地+建物)+車位,新北市板橋區華江一路151~180號,6.24,商,,,1050810,土地1建物1車位1,五層,十九層,住宅大樓(11層含以上有電梯),見其他登記事項,鋼筋混凝土造,1071227,104.13,0,0,0,無,有,12700000,121963,坡道平面,26.16,0,土地及建物分次登記案件。前案土地登記收件字號：;,RPWNOLMKLHOFFAF58CA
板橋區,房地(土地+建物)+車位,新北市板橋區華江一路151~180號,6.24,商,,,1050921,土地1建物1車位1,六層,十九層,住宅大樓(11層含以上有電梯),見其他登記事項,鋼筋混凝土造,1071227,101.95,0,0,0,無,有,12600000,123590,坡道平面,23.98,0,土地及建物分次登記案件。前案土地登記收件字號：;,RPXNOLMKLHOFFAF68CA
板橋區,房地(土地+建物)+車位,新北市板橋區華江一路151~180號,7.71,商,,,1050712,土地1建物1車位1,十層,十九層,住宅大樓(11層含以上有電梯),見其他登記事項,鋼筋混凝土造,1071227,122.18,3,1,1,有,有,14790000,121051,坡道平面,23.98,0,土地及建物分次登記案件。前案土地登記收件字號：;,RPOOOLMKLHOFFAF87CA
板橋區,房地(土地+建物)+車位,新北市板橋區華江一路151~180號,7.71,商,,,1050712,土地1建物1車位1,九層,十九層,住宅大樓(11層含以上有電梯),見其他登記事項,鋼筋混凝土造,1071227,120.27000000000001,3,2,2,有,無,14630000,121643,坡道平面,22.06,0,土地及建物分次登記案件。前案土地登記收件字號：;,RPPOOLMKLHOFFAF97CA
板橋區,房地(土地+建物)+車位,新北市板橋區華江一路151~180號,7.71,商,,,1051015,土地1建物1車位1,八層,十九層,住宅大樓(11層含以上有電梯),見其他登記事項,鋼筋混凝土造,1071227,120.27000000000001,3,2,2,有,有,14980000,124553,坡道平面,22.06,0,土地及建物分次登記案件。前案土地登記收件字號：;,RPQOOLMKLHOFFAF08CA
板橋區,房地(土地+建物)+車位,新北市板橋區華江一路151~180號,7.71,商,,,1050819,土地1建物1車位1,七層,十九層,住宅大樓(11層含以上有電梯),見其他登記事項,鋼筋混凝土造,1071227,122.18,3,2,2,有,有,14580000,119332,坡道平面,23.98,0,土地及建物分次登記案件。前案土地登記收件字號：;,RPROOLMKLHOFFAF18CA
板橋區,房地(土地+建物)+車位,新北市板橋區華江一路151~180號,7.34,商,,,1051015,土地1建物1車位1,四層,十九層,住宅大樓(11層含以上有電梯),見其他登記事項,鋼筋混凝土造,1071227,115.56,3,2,2,有,有,14550000,125909,坡道平面,23.98,0,土地及建物分次登記案件。前案土地登記收件字號：;,RPSOOLMKLHOFFAF28CA
板橋區,房地(土地+建物)+車位,新北市板橋區華江一路151~180號,8.81,商,,,1050727,土地1建物1車位1,三層,十九層,住宅大樓(11層含以上有電梯),見其他登記事項,鋼筋混凝土造,1071227,134.85999999999999,0,0,0,無,有,14680000,108854,坡道平面,23.98,0,土地及建物分次登記案件。前案土地登記收件字號：;,RPTOOLMKLHOFFAF38CA
板橋區,房地(土地+建物)+車位,新北市板橋區華江一路151~180號,8.81,商,,,1050710,土地1建物1車位1,二層,十九層,住宅大樓(11層含以上有電梯),見其他登記事項,鋼筋混凝土造,1071227,132.95,0,0,0,無,有,14440000,108612,坡道平面,22.06,0,土地及建物分次登記案件。前案土地登記收件字號：;,RPUOOLMKLHOFFAF48CA
板橋區,房地(土地+建物)+車位,新北市板橋區華江一路151~180號,4.77,商,,,1050924,土地1建物1車位1,十五層,十九層,住宅大樓(11層含以上有電梯),見其他登記事項,鋼筋混凝土造,1071227,81.18,1,1,1,有,有,10250000,126263,坡道平面,23.98,0,土地及建物分次登記案件。前案土地登記收件字號：;,RPVOOLMKLHOFFAF58CA
板橋區,房地(土地+建物)+車位,新北市板橋區華江一路151~180號,4.77,商,,,1050711,土地1建物1車位1,四層,十九層,住宅大樓(11層含以上有電梯),見其他登記事項,鋼筋混凝土造,1071227,79.27,1,1,1,有,無,9910000,125016,坡道平面,22.06,0,土地及建物分次登記案件。前案土地登記收件字號：;,RPWOOLMKLHOFFAF68CA
板橋區,房地(土地+建物)+車位,新北市板橋區華江一路151~180號,9.18,商,,,1050714,土地1建物1車位1,十層,十九層,住宅大樓(11層含以上有電梯),見其他登記事項,鋼筋混凝土造,1071227,138.96,3,2,2,有,有,17820000,128238,坡道平面,23.98,0,土地及建物分次登記案件。前案土地登記收件字號：;,RPOPOLMKLHOFFAF97CA
板橋區,房地(土地+建物)+車位,新北市板橋區華江一路151~180號,9.18,商,,,1050720,土地1建物1車位1,九層,十九層,住宅大樓(11層含以上有電梯),見其他登記事項,鋼筋混凝土造,1071227,138.96,3,2,2,有,有,17710000,127447,坡道平面,23.98,0,土地及建物分次登記案件。前案土地登記收件字號：;,RPPPOLMKLHOFFAF08CA
板橋區,房地(土地+建物)+車位,新北市板橋區華江一路151~180號,8.81,商,,,1050711,土地1建物1車位1,四層,十九層,住宅大樓(11層含以上有電梯),見其他登記事項,鋼筋混凝土造,1071227,137.15,3,2,2,有,有,18260000,133139,坡道平面,23.98,0,土地及建物分次登記案件。前案土地登記收件字號：;,RPQPOLMKLHOFFAF18CA
板橋區,房地(土地+建物)+車位,新北市板橋區華江一路181~210號,4.77,商,,,1050813,土地1建物1車位1,十二層,十九層,住宅大樓(11層含以上有電梯),見其他登記事項,鋼筋混凝土造,1071227,83.36,0,0,0,無,有,9950000,119362,坡道平面,23.98,0,土地及建物分次登記案件。前案土地登記收件字號：;,RPSPOLMKLHOFFAF38CA
板橋區,房地(土地+建物)+車位,新北市板橋區華江一路181~210號,4.77,商,,,1050712,土地1建物1車位1,十六層,十九層,住宅大樓(11層含以上有電梯),見其他登記事項,鋼筋混凝土造,1071227,81.44999999999999,0,0,0,無,有,10370000,127317,坡道平面,22.06,0,土地及建物分次登記案件。前案土地登記收件字號：;,RPUPOLMKLHOFFAF58CA
板橋區,房地(土地+建物)+車位,新北市板橋區華江一路151~180號,5.51,商,,,1050904,土地1建物1車位1,十八層,十九層,住宅大樓(11層含以上有電梯),見其他登記事項,鋼筋混凝土造,1071227,92.31,2,2,1,有,有,11900000,128913,坡道平面,23.98,0,土地及建物分次登記案件。前案土地登記收件字號：;,RPPQOLMKLHOFFAF18CA
板橋區,房地(土地+建物)+車位,新北市板橋區華江一路181~210號,4.77,商,,,1050720,土地1建物1車位1,十八層,十九層,住宅大樓(11層含以上有電梯),見其他登記事項,鋼筋混凝土造,1071227,81.47,0,0,0,無,有,10750000,131950,坡道平面,23.98,0,土地及建物分次登記案件。前案土地登記收件字號：;,RPRQOLMKLHOFFAF38CA
板橋區,房地(土地+建物)+車位,新北市板橋區華江一路181~210號,8.44,商,,,1050716,土地1建物1車位1,五層,十九層,住宅大樓(11層含以上有電梯),見其他登記事項,鋼筋混凝土造,1071227,132.74,0,0,0,無,有,15430000,116242,坡道平面,23.98,0,土地及建物分次登記案件。前案土地登記收件字號：;,RPTQOLMKLHOFFAF58CA
板橋區,房地(土地+建物)+車位,新北市板橋區華江一路151~180號,5.51,商,,,1051006,土地1建物1車位1,十五層,十九層,住宅大樓(11層含以上有電梯),見其他登記事項,鋼筋混凝土造,1071227,92.31,2,1,1,有,有,11500000,124580,坡道平面,23.98,0,土地及建物分次登記案件。前案土地登記收件字號：;,RPVQOLMKLHOFFAF78CA
板橋區,房地(土地+建物)+車位,新北市板橋區華江一路181~210號,8.44,商,,,1050711,土地1建物1車位1,六層,十九層,住宅大樓(11層含以上有電梯),見其他登記事項,鋼筋混凝土造,1071227,132.74,0,0,0,無,有,15660000,117975,坡道平面,23.98,0,土地及建物分次登記案件。前案土地登記收件字號：;,RPWQOLMKLHOFFAF88CA
板橋區,房地(土地+建物)+車位,新北市板橋區華江一路151~180號,5.51,商,,,1050716,土地1建物1車位1,十四層,十九層,住宅大樓(11層含以上有電梯),見其他登記事項,鋼筋混凝土造,1071227,92.31,2,2,1,有,有,12140000,131513,坡道平面,23.98,0,土地及建物分次登記案件。前案土地登記收件字號：;,RPOROLMKLHOFFAF18CA
板橋區,房地(土地+建物)+車位,新北市板橋區華江一路181~210號,8.44,商,,,1050711,土地1建物1車位1,十二層,十九層,住宅大樓(11層含以上有電梯),見其他登記事項,鋼筋混凝土造,1071227,132.74,0,0,0,無,有,15790000,118954,坡道平面,23.98,0,土地及建物分次登記案件。前案土地登記收件字號：;,RPQROLMKLHOFFAF38CA
板橋區,房地(土地+建物)+車位,新北市板橋區華江一路181~210號,8.44,商,,,1050713,土地1建物1車位1,十四層,十九層,住宅大樓(11層含以上有電梯),見其他登記事項,鋼筋混凝土造,1071227,132.74,0,0,0,無,有,17090000,128748,坡道平面,23.98,0,土地及建物分次登記案件。前案土地登記收件字號：;,RPRROLMKLHOFFAF48CA
板橋區,房地(土地+建物)+車位,新北市板橋區華江一路181~210號,8.44,商,,,1050715,土地1建物1車位1,十五層,十九層,住宅大樓(11層含以上有電梯),見其他登記事項,鋼筋混凝土造,1071227,132.74,0,0,0,無,有,17090000,128748,坡道平面,23.98,0,土地及建物分次登記案件。前案土地登記收件字號：;,RPTROLMKLHOFFAF68CA
板橋區,房地(土地+建物)+車位,新北市板橋區華江一路151~180號,5.51,商,,,1050815,土地1建物1車位1,十二層,十九層,住宅大樓(11層含以上有電梯),見其他登記事項,鋼筋混凝土造,1071227,90.39,2,2,1,有,有,12220000,135192,坡道平面,22.06,0,土地及建物分次登記案件。前案土地登記收件字號：;,RPWROLMKLHOFFAF98CA
板橋區,房地(土地+建物)+車位,新北市板橋區華江一路151~180號,8.08,商,,,1050710,土地1建物1車位1,四層,十九層,住宅大樓(11層含以上有電梯),見其他登記事項,鋼筋混凝土造,1071227,125.71000000000001,0,0,0,無,有,16300000,129664,坡道平面,23.98,0,土地及建物分次登記案件。前案土地登記收件字號：;,RPOSOLMKLHOFFAF28CA
板橋區,房地(土地+建物)+車位,新北市板橋區華江一路151~180號,8.81,商,,,1050711,土地1建物1車位1,五層,十九層,住宅大樓(11層含以上有電梯),見其他登記事項,鋼筋混凝土造,1071227,134.51,0,0,0,無,有,15650000,116348,坡道平面,23.98,0,土地及建物分次登記案件。前案土地登記收件字號：;,RPPSOLMKLHOFFAF38CA
板橋區,房地(土地+建物)+車位,新北市板橋區華江一路151~180號,8.81,商,,,1050716,土地1建物1車位1,七層,十九層,住宅大樓(11層含以上有電梯),見其他登記事項,鋼筋混凝土造,1071227,132.6,0,0,0,無,有,15720000,118552,坡道平面,22.06,0,土地及建物分次登記案件。前案土地登記收件字號：;,RPQSOLMKLHOFFAF48CA
板橋區,房地(土地+建物)+車位,新北市板橋區華江一路151~180號,8.81,商,,,1050901,土地1建物1車位1,九層,十九層,住宅大樓(11層含以上有電梯),見其他登記事項,鋼筋混凝土造,1071227,136.69,0,0,0,無,有,16220000,118663,坡道平面,26.16,0,土地及建物分次登記案件。前案土地登記收件字號：;,RPRSOLMKLHOFFAF58CA
板橋區,房地(土地+建物)+車位,新北市板橋區華江一路151~180號,8.81,商,,,1050821,土地1建物1車位1,十一層,十九層,住宅大樓(11層含以上有電梯),見其他登記事項,鋼筋混凝土造,1071227,134.51,0,0,0,無,有,16680000,124006,坡道平面,23.98,0,土地及建物分次登記案件。前案土地登記收件字號：;,RPSSOLMKLHOFFAF68CA
板橋區,房地(土地+建物)+車位,新北市板橋區華江一路151~180號,8.81,商,,,1050825,土地1建物1車位1,十二層,十九層,住宅大樓(11層含以上有電梯),見其他登記事項,鋼筋混凝土造,1071227,134.51,0,0,0,無,有,16700000,124154,坡道平面,23.98,0,土地及建物分次登記案件。前案土地登記收件字號：;,RPUSOLMKLHOFFAF88CA
板橋區,房地(土地+建物)+車位,新北市板橋區華江一路151~180號,8.81,商,,,1050912,土地1建物1車位1,十四層,十九層,住宅大樓(11層含以上有電梯),見其他登記事項,鋼筋混凝土造,1071227,134.51,0,0,0,無,有,17000000,126385,坡道平面,23.98,0,土地及建物分次登記案件。前案土地登記收件字號：;,RPVSOLMKLHOFFAF98CA
板橋區,房地(土地+建物)+車位,新北市板橋區華江一路151~180號,5.51,商,,,1050714,土地1建物1車位1,十層,十九層,住宅大樓(11層含以上有電梯),見其他登記事項,鋼筋混凝土造,1071227,92.31,0,0,0,無,有,11190000,121222,坡道平面,23.98,0,土地及建物分次登記案件。前案土地登記收件字號：;,RPWSOLMKLHOFFAF09CA
板橋區,房地(土地+建物)+車位,新北市板橋區華江一路181~210號,5.51,商,,,1050708,土地1建物1車位1,十一層,十九層,住宅大樓(11層含以上有電梯),見其他登記事項,鋼筋混凝土造,1071227,90.95,0,0,0,無,有,10240000,112589,坡道平面,22.06,0,土地及建物分次登記案件。前案土地登記收件字號：;,RPXSOLMKLHOFFAF56CA
板橋區,房地(土地+建物)+車位,新北市板橋區華江一路181~210號,9.18,商,,,1050711,土地1建物1車位1,七層,十九層,住宅大樓(11層含以上有電梯),見其他登記事項,鋼筋混凝土造,1071227,139.0,0,0,0,無,有,16100000,115827,坡道平面,23.98,0,土地及建物分次登記案件。前案土地登記收件字號：;,RPOTOLMKLHOFFAF38CA
板橋區,房地(土地+建物)+車位,新北市板橋區華江一路181~210號,5.51,商,,,1050801,土地1建物1車位1,三層,十九層,住宅大樓(11層含以上有電梯),見其他登記事項,鋼筋混凝土造,1071227,91.03,0,0,0,無,有,9850000,108206,坡道平面,23.98,0,土地及建物分次登記案件。前案土地登記收件字號：;,RPPTOLMKLHOFFAF48CA
板橋區,房地(土地+建物)+車位,新北市板橋區華江一路181~210號,8.44,商,,,1050713,土地1建物1車位1,十九層，見其他登記事項,十九層,住宅大樓(11層含以上有電梯),見其他登記事項,鋼筋混凝土造,1071227,103.52,0,0,0,無,有,14240000,137558,坡道平面,23.98,0,土地及建物分次登記案件。前案土地登記收件字號：;,RPQTOLMKLHOFFAF58CA
板橋區,房地(土地+建物)+車位,新北市板橋區華江一路151~180號,4.77,商,,,1050808,土地1建物1車位1,五層,十九層,住宅大樓(11層含以上有電梯),見其他登記事項,鋼筋混凝土造,1071227,79.27,1,1,1,有,有,9860000,124385,坡道平面,22.06,0,土地及建物分次登記案件。前案土地登記收件字號：;,RPRTOLMKLHOFFAF68CA
板橋區,房地(土地+建物)+車位,新北市板橋區華江一路151~180號,6.24,商,,,1050711,土地1建物1車位1,十九層，見其他登記事項,十九層,住宅大樓(11層含以上有電梯),見其他登記事項,鋼筋混凝土造,1071227,101.56,1,1,1,有,有,12770000,125738,坡道平面,23.98,0,土地及建物分次登記案件。前案土地登記收件字號：;,RPSTOLMKLHOFFAF78CA
板橋區,房地(土地+建物)+車位,新北市板橋區華江一路211~240號,5.14,商,,,1050826,土地1建物1車位1,一層,十九層,住宅大樓(11層含以上有電梯),見其他登記事項,鋼筋混凝土造,1071227,88.24,0,0,0,無,有,18130000,205462,坡道平面,23.98,0,土地及建物分次登記案件。前案土地登記收件字號：;,RPTTOLMKLHOFFAF88CA
板橋區,房地(土地+建物)+車位,新北市板橋區華江一路151~180號,6.97,商,,,1050721,土地1建物1車位1,一層,十九層,住宅大樓(11層含以上有電梯),見其他登記事項,鋼筋混凝土造,1071227,108.65,0,0,0,無,有,22790000,209756,坡道平面,23.98,0,土地及建物分次登記案件。前案土地登記收件字號：;,RPUTOLMKLHOFFAF98CA
新莊區,房地(土地+建物)+車位,新北市新莊區中港路531巷1~30號,17.57,住,,,1071206,土地1建物1車位1,六層,八層,華廈(10層含以下有電梯),住家用,鋼筋混凝土造,0920509,123.0,3,2,2,有,有,12380000,100650,坡道平面,25.47,0,含增建或未登記建物。;,RPWOMLLJKHOFFBF28CA
新莊區,房地(土地+建物)+車位,新北市新莊區立信三街12巷1~30號,13.91,住,,,1080101,土地1建物1車位1,二層,十二層,住宅大樓(11層含以上有電梯),住家用,鋼筋混凝土造,0941021,125.11000000000001,3,2,2,有,有,12680000,101351,坡道平面,0.0,0,含增建或未登記建物。;,RPOPMLLJKHOFFBF57CA
新莊區,房地(土地+建物),新北市新莊區忠孝街1~30號,17.74,住,,,1080107,土地1建物1車位0,三層，陽台,四層,公寓(5樓含以下無電梯),住家用,鋼筋混凝土造,0651102,66.83,2,2,1,有,無,5500000,82298,,0.0,0,,RPRPMLLJKHOFFBF87CA
泰山區,土地,泰山段二小段451~480地號,2024.0,其他,,,1080121,土地4建物0車位0,,,其他,,,,0.0,0,0,0,有,無,145000000,71640,,0.0,0,包含公共設施保留地之交易。;,RPWOMLLKKHOFFBF38CA
泰山區,房地(土地+建物)+車位,新北市泰山區明志路三段451~480號,56.46,工,,,1060223,土地1建物1車位2,十九層,十九層,辦公商業大樓,見其他登記事項,鋼筋混凝土造,1070831,334.52,0,0,0,無,有,25420000,80415,坡道平面,56.96,3100000,,RPXOMLNKKHOFFBF68CA
泰山區,房地(土地+建物)+車位,新北市泰山區明志路三段451~480號,53.08,工,,,1060118,土地1建物1車位1,十九層,十九層,辦公商業大樓,見其他登記事項,鋼筋混凝土造,1070831,314.51,0,0,0,無,有,24730000,80011,坡道平面,26.05,1650000,,RPOPMLNKKHOFFBF87CA
林口區,土地,力行段61~90地號,2.8,其他,,,1080130,土地3建物0車位0,,,其他,,,,0.0,0,0,0,有,無,508200,181500,,0.0,0,,RPOUMLPKKHOFFBF58CA
新莊區,房地(土地+建物)+車位,新北市新莊區中央路571~600號,18.51,商,,,1071030,土地1建物1車位1,四層,十八層,辦公商業大樓,見其他登記事項,鋼筋混凝土造,1070928,178.1,0,0,0,無,有,19160000,125019,坡道平面,43.64,2350000,,RPQUMLTKKHOFFBF56CA
泰山區,房地(土地+建物)+車位,新北市泰山區忠孝街19巷1~30號,22.69,住,,,1071227,土地1建物1車位1,九層,九層,華廈(10層含以下有電梯),見其他登記事項,鋼筋混凝土造,1060106,129.98,3,2,2,有,有,10600000,81551,坡道機械,9.36,0,,RPRNMLMLKHOFFBF97CA
新莊區,房地(土地+建物),新北市新莊區八德街138巷1~30號,19.88,住,,,1080112,土地1建物1車位0,陽台，三層,四層,公寓(5樓含以下無電梯),住家用,鋼筋混凝土造,0671006,69.49,3,2,1,有,無,5320000,76558,,0.0,0,,RPROMLNLKHOFFBF18CA
林口區,房地(土地+建物)+車位,新北市林口區竹林路53巷1~30號,76.01,住,,,1071217,土地1建物1車位1,十層，十一層,十一層,住宅大樓(11層含以上有電梯),住家用,鋼筋混凝土造,0791222,290.97,4,2,3,有,有,12680000,43578,坡道平面,34.76,0,含增建或未登記建物。;,RPTPMLQLKHOFFBF78CA
泰山區,房地(土地+建物)+車位,新北市泰山區泰林路二段522巷31~60號,14.54,住,,,1080111,土地1建物1車位1,十二層,十三層,住宅大樓(11層含以上有電梯),住家用,鋼筋混凝土造,0900518,129.32,3,2,2,有,有,9500000,73461,坡道平面,18.47,0,贈熱水器,RPQNMLOJLHOFFBF97CA
林口區,房地(土地+建物)+車位,新北市林口區信義路301~330號,9.66,住,,,1071228,土地1建物1車位1,十四層,十五層,住宅大樓(11層含以上有電梯),見其他登記事項,鋼筋混凝土造,1020321,87.21000000000001,2,1,1,有,有,8000000,91733,坡道平面,13.16,0,,RPWOMLPJLHOFFBF78CA
新店區,房地(土地+建物),新北市新店區達觀路22巷1~30號,37.29,,山坡地保育區,丙種建築用地,1071222,土地1建物1車位0,十層,十四層,住宅大樓(11層含以上有電梯),住家用,鋼筋混凝土造,0850710,72.76,2,2,2,有,有,3900000,53601,,0.0,0,,RPTNMLLKKHOFFCF08CA
新店區,房地(土地+建物),新北市新店區安泰路60巷31~60號,89.56,其他,,,1080116,土地1建物1車位0,全,二層,透天厝,住家用,加強磚造,0700305,92.46,4,2,3,有,有,7200000,77872,,0.0,0,,RPWNMLLKKHOFFCF38CA
深坑區,房地(土地+建物),新北市深坑區埔新街58巷1~30號,19.6,住,,,1080111,土地1建物1車位0,二層,七層,華廈(10層含以下有電梯),住家用,鋼筋混凝土造,0830408,101.31,3,2,2,有,有,7500000,74030,,0.0,0,含增建或未登記建物。;,RPTOMLLKKHOFFCF18CA
坪林區,土地,九芎林段石小段31~60地號,2.67,其他,,,1080118,土地1建物0車位0,,,其他,,,,0.0,0,0,0,有,無,2000,749,,0.0,0,本買賣案件屬協議價購。,RPQPMLLKKHOFFCF97CA
新店區,房地(土地+建物),新北市新店區碧安街11巷1~30號,70.88,住,,,1080124,土地1建物1車位0,全,二層,透天厝,住家用,加強磚造,0610120,88.2,4,2,2,有,無,11200000,126984,,0.0,0,頂樓增建,RPWNMLMKKHOFFCF48CA
新店區,房地(土地+建物)+車位,新北市新店區中興路三段241~270號,19.79,住,,,1080106,土地1建物1車位1,十四層,十四層,住宅大樓(11層含以上有電梯),住家用,鋼筋混凝土造,0900525,199.82,4,2,2,有,有,27820000,139225,坡道平面,28.0,0,,RPXNMLMKKHOFFCF58CA
新店區,房地(土地+建物),新北市新店區安忠路61~90號,19.39,住,,,1071231,土地1建物1車位0,一層，騎樓,五層,店面(店鋪),住商用,鋼筋混凝土造,0701023,79.3,1,1,1,有,無,6100000,76923,,0.0,0,含增建或未登記建物。;,RPSNMLNKKHOFFCF18CA
新店區,房地(土地+建物),新北市新店區中正路541~570號,72.59,工,,,1071018,土地1建物1車位0,二層,五層,廠辦,工業用,鋼筋混凝土造,0730410,318.33000000000004,2,1,1,有,無,30000000,94242,,0.0,0,,RPVNMLNKKHOFFCF48CA
新店區,房地(土地+建物)+車位,新北市新店區文化路1~30號,12.62,住,,,1071222,土地1建物1車位1,十三層,十五層,住宅大樓(11層含以上有電梯),住家用,鋼筋混凝土造,0980505,151.95999999999998,3,2,2,有,有,21100000,138852,坡道平面,43.62,0,含增建或未登記建物。;,RPRNMLMKLHOFFCF08CA
新店區,房地(土地+建物)+車位,新北市新店區寶興路42巷1~30號,29.55,住,,,1080131,土地1建物1車位1,八層,十四層,住宅大樓(11層含以上有電梯),住家用,鋼筋混凝土造,0941005,165.31,3,2,2,有,無,4700000,28431,坡道平面,34.61,0,二等親間移轉,RPROMLMKLHOFFCF18CA
汐止區,房地(土地+建物),新北市汐止區康寧街141巷31~60號,13.82,住,,,1080106,土地1建物1車位0,五層,十三層,住宅大樓(11層含以上有電梯),住家用,鋼筋混凝土造,0840824,68.56,2,2,1,有,有,8500000,123979,,0.0,0,含增建或未登記建物。;,RPSPMLLKKHOFFDF28CA
汐止區,房地(土地+建物)+車位,新北市汐止區林森街73巷31~60號,42.44,,鄉村區,乙種建築用地,1080110,土地3建物1車位1,四層,二十一層,住宅大樓(11層含以上有電梯),住家用,鋼筋混凝土造,0820729,175.73000000000002,3,2,2,有,有,11600000,66010,坡道平面,36.31,0,,RPSOMLNKKHOFFDF38CA
汐止區,房地(土地+建物)+車位,新北市汐止區福德一路91~120號,20.82,住,,,1071128,土地1建物1車位1,十一層,十四層,住宅大樓(11層含以上有電梯),住家用,鋼筋混凝土造,0970722,162.7,3,2,2,有,有,12000000,73755,坡道平面,0.0,0,親友、員工或其他特殊關係間之交易。;,RPPQMLPKKHOFFDF48CA
汐止區,土地,環河段361~390地號,37.81,工,,,1071221,土地1建物0車位0,,,其他,,,,0.0,0,0,0,有,無,5950538,157380,,0.0,0,向政府機關承購之案件。;,RPQPMLTKKHOFFDF88CA
汐止區,房地(土地+建物),新北市汐止區和平街46巷1~30號,33.06,住,,,1080115,土地2建物1車位0,三層,四層,公寓(5樓含以下無電梯),住家用,鋼筋混凝土造,,79.57,3,2,1,有,無,6500000,81689,,0.0,0,,RPSNMLKLKHOFFDF08CA
淡水區,房地(土地+建物)+車位,新北市淡水區坪頂路271~300號,62.34,,山坡地保育區,丙種建築用地,1071124,土地1建物1車位1,七層,十三層,住宅大樓(11層含以上有電梯),住家用,鋼筋混凝土造,0851009,183.39,2,2,2,有,有,7500000,40894,坡道平面,42.74,0,,RPTOMLLJKHOFFEF28CA
淡水區,房地(土地+建物),新北市淡水區淡金路16巷121~150號,54.17,住,,,1080117,土地1建物1車位0,十層,十二層,住宅大樓(11層含以上有電梯),住家用,鋼筋混凝土造,0850208,137.82,3,2,2,有,有,7000000,50791,,0.0,0,,RPQNMLLKKHOFFEF97CA
淡水區,房地(土地+建物),新北市淡水區新民街322巷2弄1~30號,243.05,住,,,1080111,土地1建物1車位0,全,二層,透天厝,住家用,加強磚造,0640319,193.62,6,2,2,有,有,21000000,108460,,0.0,0,,RPQOMLMKKHOFFEF18CA
淡水區,土地,蕃薯段1411~1440地號,3896.55,,一般農業區,農牧用地,1080123,土地1建物0車位0,,,其他,,,,0.0,0,0,0,有,無,3900000,1001,,0.0,0,,RPSOMLMKKHOFFEF38CA
淡水區,房地(土地+建物),新北市淡水區新民街180巷7弄1~30號,10.92,住,,,1080105,土地1建物1車位0,一層,五層,公寓(5樓含以下無電梯),住家用,鋼筋混凝土造,0780822,43.92,4,0,4,有,無,3330000,75820,,0.0,0,,RPWPMLNKKHOFFEF98CA
淡水區,房地(土地+建物)+車位,新北市淡水區崁頂三路91~120號,23.04,住,,,1040514,土地1建物1車位1,九層,二十一層,住宅大樓(11層含以上有電梯),住家用,鋼筋混凝土造,1071102,189.01999999999998,3,2,2,有,無,11570000,65451,坡道平面,30.58,1200000,1.本案為預售,RPUQMLOKKHOFFEF98CA
淡水區,房地(土地+建物)+車位,新北市淡水區崁頂三路91~120號,19.99,住,,,1080101,土地1建物1車位1,七層,二十一層,住宅大樓(11層含以上有電梯),住家用,鋼筋混凝土造,1071102,157.07,2,1,1,有,無,8550000,58107,坡道平面,30.58,1200000,,RPWQMLOKKHOFFEF56CA
淡水區,房地(土地+建物)+車位,新北市淡水區崁頂三路91~120號,19.99,住,,,1080101,土地1建物1車位1,四層,二十一層,住宅大樓(11層含以上有電梯),住家用,鋼筋混凝土造,1071102,162.69,3,2,2,有,無,8680000,55863,坡道平面,30.58,1300000,,RPSPMLSKKHOFFEF09CA
淡水區,房地(土地+建物)+車位,新北市淡水區新市五路三段151~180號,8.13,商,,,1080116,土地1建物1車位1,七層,二十七層,住宅大樓(11層含以上有電梯),住家用,鋼筋混凝土造,1061229,106.85,2,1,1,有,有,5820000,54469,坡道機械,15.42,0,,RPPQMLTKKHOFFEF98CA
淡水區,房地(土地+建物)+車位,新北市淡水區大忠街1~30號,26.25,住,,,1071207,土地1建物1車位1,六層,七層,華廈(10層含以下有電梯),住家用,鋼筋混凝土造,0811021,147.21,4,2,3,有,有,10800000,73365,坡道平面,0.0,0,,RPTRMLTKKHOFFEF86CA
淡水區,房地(土地+建物),新北市淡水區淡金路38巷31~60號,4.68,住,,,1080106,土地1建物1車位0,十八層,二十二層,套房(1房1廳1衛),住家用,鋼筋混凝土造,0980218,44.51,1,1,1,有,有,4220000,94810,,0.0,0,,RPROMLNLKHOFFEF48CA
瑞芳區,房地(土地+建物),新北市瑞芳區三爪子坑路民享新村1~30號,44.18,,鄉村區,乙種建築用地,1080115,土地1建物1車位0,一層,五層,公寓(5樓含以下無電梯),住家用,鋼筋混凝土造,0820726,137.35,3,2,2,有,無,5050000,36767,,0.0,0,,RPRNMLMLKHOFFFF38CA
三重區,房地(土地+建物),新北市三重區國隆路1~30號,13.19,住,,,1080122,土地1建物1車位0,八層,十一層,住宅大樓(11層含以上有電梯),見其他登記事項,鋼筋混凝土造,1061206,99.97,2,2,1,有,無,13610000,136141,,0.0,0,,RPVNMLLKKHOFFGF68CA
三重區,車位,新北市三重區萬壽街62巷1~30號,5.23,住,,,1080112,土地0建物0車位1,,,其他,,,,30.8,0,0,0,有,有,1800000,,坡道平面,30.8,1800000,單獨車位交易。;,RPWOMLLKKHOFFGF88CA
三重區,房地(土地+建物)+車位,新北市三重區安和路61~90號,18.08,住,,,1080112,土地1建物1車位1,七層,七層,華廈(10層含以下有電梯),住家用,鋼筋混凝土造,0861013,123.83000000000001,3,1,2,有,有,13260000,107082,坡道平面,35.69,0,,RPXOMLLKKHOFFGF98CA
蘆洲區,房地(土地+建物),新北市蘆洲區信義路31~60號,26.13,住,,,1071230,土地2建物1車位0,三層,五層,公寓(5樓含以下無電梯),住家用,鋼筋混凝土造,0701007,92.0,0,2,1,有,無,6880000,74783,,0.0,0,,RPXNMLMKKHOFFGF98CA
三重區,房地(土地+建物),新北市三重區長樂街91~120號,25.62,住,,,1071225,土地2建物1車位0,一層,五層,公寓(5樓含以下無電梯),住家用,鋼筋混凝土造,0750415,83.06,0,0,2,有,無,11000000,132434,,0.0,0,,RPXOMLMKKHOFFGF09CA
蘆洲區,房地(土地+建物),新北市蘆洲區長安街241~270號,21.45,住,,,1080113,土地1建物1車位0,四層,七層,華廈(10層含以下有電梯),住家用,鋼筋混凝土造,0870910,127.52,3,2,2,有,有,12000000,94103,,0.0,0,含增建或未登記建物。;,RPQNMLRKKHOFFGF78CA
三重區,土地,永安段631~660地號,7.19,其他,,,1080118,土地1建物0車位0,,,其他,,,,0.0,0,0,0,有,無,1041038,144790,,0.0,0,包含公共設施保留地之交易。;,RPOQMLNLKHOFFGF58CA
三重區,房地(土地+建物),新北市三重區五谷王北街2巷1~30號,28.27,工,,,1071226,土地1建物1車位0,四層,五層,公寓(5樓含以下無電梯),工業用,鋼筋混凝土造,0780703,98.94,3,2,2,有,無,6890000,69638,,0.0,0,親友、員工或其他特殊關係間之交易。;,RPSPMLPLKHOFFGF09CA
三重區,房地(土地+建物)+車位,新北市三重區環河北路三段481~510號,29.73,住,,,1071212,土地1建物1車位1,二層,十五層,住宅大樓(11層含以上有電梯),住家用,鋼筋混凝土造,0980121,211.66,4,2,2,有,有,19300000,91188,坡道平面,38.34,0,,RPROMLMKLHOFFGF58CA
中和區,房地(土地+建物),新北市中和區安樂路217巷26弄1~30號,40.38,住,,,1071216,土地1建物1車位0,二層,五層,公寓(5樓含以下無電梯),住家用,鋼筋混凝土造,0700410,116.73,3,2,1,有,無,7200000,61681,,0.0,0,親友、員工或其他特殊關係間之交易。;,RPPNMLTJKHOFFHF88CA
永和區,車位,新北市永和區環河西路一段1~30號,1.65,住,,,1080124,土地0建物0車位1,,,其他,,,,27.28,0,0,0,有,有,1800000,,坡道平面,27.28,1800000,親友、員工或其他特殊關係間之交易。;單獨車位交易。;,RPWNMLLKKHOFFHF88CA
中和區,房地(土地+建物)+車位,新北市中和區連城路121~150號,43.87,住,,,1080123,土地1建物1車位1,六層,十四層,住宅大樓(11層含以上有電梯),住家用,鋼筋混凝土造,0930915,186.18,3,2,2,有,有,5081013,27291,坡道平面,0.0,0,向政府機關承購之案件。,RPPOMLLKKHOFFHF28CA
中和區,房地(土地+建物),新北市中和區圓通路145巷9弄1~30號,31.54,住,,,1071226,土地1建物1車位0,三層,四層,公寓(5樓含以下無電梯),見其他登記事項,見其他登記事項,0640322,104.22,4,2,2,有,無,10500000,100748,,0.0,0,含增建或未登記建物。;,RPQOMLLKKHOFFHF38CA
中和區,房地(土地+建物)+車位,新北市中和區中興街161巷1~30號,25.84,住,,,1071223,土地1建物1車位1,二層,七層,華廈(10層含以下有電梯),見其他登記事項,見其他登記事項,0991001,134.37,3,2,1,有,有,15300000,113865,升降機械,0.0,0,含增建或未登記建物。;,RPTOMLLKKHOFFHF68CA
永和區,房地(土地+建物),新北市永和區中山路一段151~180號,6.99,商,,,1080102,土地1建物1車位0,一層，騎樓,十二層,辦公商業大樓,商業用,鋼筋混凝土造,0800801,67.99000000000001,3,0,1,有,有,15000000,220621,,0.0,0,親友、員工或其他特殊關係間之交易。;,RPQNMLMKKHOFFHF38CA
永和區,房地(土地+建物),新北市永和區中和路421巷3弄1~30號,5.93,商,,,1071216,土地2建物1車位0,十四層,十六層,住宅大樓(11層含以上有電梯),住家用,鋼筋混凝土造,0850701,81.3,2,2,1,有,有,12380000,152276,,0.0,0,含增建或未登記建物。;,RPWNMLMKKHOFFHF98CA
永和區,房地(土地+建物)+車位,新北市永和區環河東路三段121~150號,21.0,住,,,1070830,土地1建物1車位1,十二層,十三層,住宅大樓(11層含以上有電梯),住家用,鋼筋混凝土造,0880930,202.41,4,2,2,有,有,18000000,88928,坡道平面,48.56,0,親友、員工或其他特殊關係間之交易。;,RPVPMLOKKHOFFHF66CA
鶯歌區,房地(土地+建物),新北市鶯歌區永吉街31~60號,63.65,住,,,1070803,土地1建物1車位0,全,二層,透天厝,住家用,鋼筋混凝土造,,112.24,6,2,2,有,無,4500000,40093,,0.0,0,親友、員工或其他特殊關係間之交易。;頂樓及防火巷增建。,RPQPMLLJKHOFFIF48CA
三峽區,房地(土地+建物)+車位,新北市三峽區三樹路241~270號,24.43,住,,,1071215,土地1建物1車位1,四層,十五層,住宅大樓(11層含以上有電梯),住家用,鋼筋混凝土造,0940609,188.63,4,2,2,有,有,13000000,68918,坡道平面,24.81,0,,RPQNMLLKKHOFFIF38CA
三峽區,房地(土地+建物),新北市三峽區白雞61~90號,28.17,,山坡地保育區,丙種建築用地,1080104,土地1建物1車位0,一層，地下一層,五層,公寓(5樓含以下無電梯),見其他登記事項,鋼筋混凝土造,0841124,99.92,3,2,2,有,有,2800000,28022,,0.0,0,,RPUNMLMKKHOFFIF88CA
三峽區,房地(土地+建物)+車位,新北市三峽區學勤路151~180號,21.18,商,,,1071230,土地1建物1車位1,二十五層,二十五層,住宅大樓(11層含以上有電梯),見其他登記事項,鋼筋混凝土造,0980730,241.38,4,2,2,有,有,20000000,82857,坡道平面,39.02,0,,RPTNMLPKKHOFFIF09CA
樹林區,房地(土地+建物)+車位,新北市樹林區福順街1~30號,15.92,住,,,1080114,土地1建物1車位1,六層,九層,華廈(10層含以下有電梯),住家用,鋼筋混凝土造,0880908,110.65,2,2,1,有,有,8400000,75915,坡道平面,30.07,0,,RPROMLPKKHOFFIF98CA
三峽區,房地(土地+建物)+車位,新北市三峽區學勤路151~180號,17.03,商,,,1071229,土地1建物1車位1,十六層,二十五層,住宅大樓(11層含以上有電梯),見其他登記事項,鋼筋混凝土造,0980730,208.62,3,2,2,有,有,16550000,79331,坡道平面,39.02,0,,RPPNMLRKKHOFFIF88CA
樹林區,土地,樂山段61~90地號,35.54,住,,,1080120,土地1建物0車位0,,,其他,,,,0.0,0,0,0,有,無,1169266,32900,,0.0,0,親友、員工或其他特殊關係間之交易。;母女,RPOOMLSKKHOFFIF98CA
三峽區,房地(土地+建物)+車位,新北市三峽區大學路91~120號,30.0,住,,,1080115,土地1建物1車位1,三層,十層,華廈(10層含以下有電梯),見其他登記事項,鋼筋混凝土造,1071018,153.39,3,2,2,有,有,14390000,111435,坡道平面,36.82,1400000,,RPOOMLTKKHOFFIF09CA
三峽區,房地(土地+建物)+車位,新北市三峽區大學路91~120號,30.0,住,,,1080115,土地1建物1車位1,三層,十層,華廈(10層含以下有電梯),見其他登記事項,鋼筋混凝土造,1071018,153.39,3,2,2,有,有,14390000,111435,坡道平面,36.82,1400000,,RPXSMLTKKHOFFIF77CA
三峽區,房地(土地+建物)+車位,新北市三峽區大學路91~120號,30.0,住,,,1080115,土地1建物1車位1,九層,十層,華廈(10層含以下有電梯),見其他登記事項,鋼筋混凝土造,1071018,164.64999999999998,3,2,2,有,有,14920000,106548,坡道平面,36.82,1300000,,RPTWMLTKKHOFFIF77CA
樹林區,房地(土地+建物)+車位,新北市樹林區學成路781~810號,16.49,住,,,1071229,土地1建物1車位1,七層,十五層,住宅大樓(11層含以上有電梯),見其他登記事項,鋼筋混凝土造,0981001,112.41,2,2,1,有,有,10700000,95187,坡道機械,10.79,0,,RPRRMLKLKHOFFIF88CA
三峽區,房地(土地+建物),新北市三峽區大同路1~30號,21.14,住,,,1071231,土地1建物1車位0,八層，夾層,十一層,住宅大樓(11層含以上有電梯),住家用,鋼筋混凝土造,0861226,142.06,4,2,2,有,有,7750000,54554,,0.0,0,親友、員工或其他特殊關係間之交易。;,RPWNMLNLKHOFFIF66CA
三峽區,房地(土地+建物)+車位,新北市三峽區大學路91~120號,39.51,住,,,1080115,土地1建物1車位1,一層，二層,十層,店面(店鋪),見其他登記事項,鋼筋混凝土造,1071018,166.61,0,0,0,無,有,31320000,230526,坡道平面,36.82,1400000,,RPROMLNLKHOFFIF88CA
三峽區,房地(土地+建物)+車位,新北市三峽區大學路91~120號,39.88,住,,,1080115,土地1建物1車位1,一層，二層,十層,店面(店鋪),見其他登記事項,鋼筋混凝土造,1071018,168.54000000000002,0,0,0,無,有,31870000,231324,坡道平面,36.82,1400000,,RPTOMLNLKHOFFIF09CA
三峽區,房地(土地+建物)+車位,新北市三峽區大學路91~120號,30.0,住,,,1080115,土地1建物1車位1,七層,十層,華廈(10層含以下有電梯),見其他登記事項,鋼筋混凝土造,1071018,164.64999999999998,3,2,2,有,有,14860000,105296,坡道平面,36.82,1400000,,RPVOMLNLKHOFFIF66CA
三峽區,房地(土地+建物)+車位,新北市三峽區大學路91~120號,44.08,住,,,1080115,土地1建物1車位2,一層，二層,十層,店面(店鋪),見其他登記事項,鋼筋混凝土造,1071018,203.43,0,0,0,無,有,32720000,230526,坡道平面,73.64,2800000,,RPPPMLNLKHOFFIF78CA
板橋區,房地(土地+建物),新北市板橋區自由路38巷1~30號,26.25,住,,,1071224,土地1建物1車位0,三層，陽台,四層,公寓(5樓含以下無電梯),住家用,加強磚造,,78.4,3,2,1,有,無,9200000,117347,,0.0,0,含增建或未登記建物。權利人共兩人。,RPSQMLMKKHOFFAF28DA
板橋區,土地,府中段481~510地號,2.88,其他,,,1080115,土地1建物0車位0,,,其他,,,,0.0,0,0,0,有,無,420000,145833,,0.0,0,,RPPOMLNKKHOFFAF87DA
新莊區,房地(土地+建物),新北市新莊區福壽街124巷1~30號,22.25,住,,,1071231,土地1建物1車位0,一層,七層,華廈(10層含以下有電梯),住家用,鋼筋混凝土造,0871209,108.45,3,2,2,有,有,11500000,106040,,0.0,0,含增建或未登記建物。,RPWRMLMKKHOFFBF88DA
新店區,房地(土地+建物),新北市新店區永安街61~90號,18.31,住,,,1071219,土地1建物1車位0,九層,十二層,住宅大樓(11層含以上有電梯),住家用,鋼筋混凝土造,0830430,118.03,4,2,2,有,有,11300000,95738,,0.0,0,含增建或未登記建物。,RPVOMLNKKHOFFCF68DA
新店區,房地(土地+建物),新北市新店區博愛街2巷1~30號,33.45,住,,,1071221,土地1建物1車位0,一層,四層,公寓(5樓含以下無電梯),住家用,加強磚造,,84.81,4,2,2,有,無,17200000,202806,,0.0,0,含增建或未登記建物。,RPROMLOKKHOFFCF38DA
新店區,房地(土地+建物)+車位,新北市新店區檳榔路1~30號,32.27,住,,,1080107,土地1建物1車位1,六層,十四層,住宅大樓(11層含以上有電梯),住家用,鋼筋混凝土造,0991022,295.94,4,2,3,有,有,36000000,126144,坡道平面,30.37,2500000,,RPPNMLRKKHOFFCF38DA
汐止區,房地(土地+建物)+車位,新北市汐止區仁愛路113巷1~30號,23.04,住,,,1071220,土地1建物1車位1,三層,九層,華廈(10層含以下有電梯),住家用,鋼筋混凝土造,0910419,150.72,3,2,2,有,有,12880000,85456,坡道機械,0.0,600000,含增建或未登記建物。,RPOOMLLJKHOFFDF77DA
汐止區,房地(土地+建物)+車位,新北市汐止區仁愛路200巷1~30號,25.16,住,,,1070707,土地1建物1車位1,七層,九層,華廈(10層含以下有電梯),住家用,鋼筋混凝土造,0941222,159.58,3,2,2,有,有,13800000,86477,坡道平面,0.0,1700000,含增建或未登記建物。,RPWPMLLKKHOFFDF78DA
淡水區,車位,新北市淡水區新春街85巷1~30號,4.16,住,,,1080119,土地0建物0車位1,,,其他,,,,27.17,0,0,0,有,有,1080000,,坡道平面,27.17,1080000,,RPWOMLLJKHOFFEF68DA
三重區,房地(土地+建物),新北市三重區仁美街31~60號,20.39,住,,,1071214,土地1建物1車位0,四層,七層,華廈(10層含以下有電梯),住家用,鋼筋混凝土造,0830712,112.45,4,2,2,有,無,11000000,97821,,0.0,0,含增建或未登記建物。;,RPTOMLLKKHOFFGF68DA
蘆洲區,房地(土地+建物)+車位,新北市蘆洲區永樂街31巷1~30號,18.64,住,,,1071223,土地1建物1車位1,四層,六層,華廈(10層含以下有電梯),住家用,鋼筋混凝土造,1040731,98.53,2,2,1,有,有,12050000,123351,塔式車位,11.38,1300000,,RPUNMLMKKHOFFGF78DA
中和區,房地(土地+建物),新北市中和區圓通路367巷20弄1~30號,24.0,住,,,1080109,土地1建物1車位0,四層,五層,公寓(5樓含以下無電梯),住家用,鋼筋混凝土造,0720717,81.09,3,1,1,有,無,3200000,39462,,0.0,0,親友、員工或其他特殊關係間之交易。;,RPOQMLLJKHOFFHF38DA
永和區,房地(土地+建物),新北市永和區成功路二段31~60號,11.98,住,,,1080111,土地2建物1車位0,二層,十五層,住宅大樓(11層含以上有電梯),商業用,鋼筋混凝土造,0871027,88.9,2,2,2,有,有,11000000,123735,,0.0,0,含增建或未登記建物,RPQQMLLJKHOFFHF58DA
中和區,房地(土地+建物),新北市中和區連城路249巷8弄1~30號,40.99,住,,,1071219,土地2建物1車位0,四層，陽台,四層,公寓(5樓含以下無電梯),住家用,鋼筋混凝土造,0680923,92.33,6,3,3,有,無,8000000,86646,,0.0,0,含增建或未登記建物,RPTQMLLJKHOFFHF88DA
鶯歌區,房地(土地+建物)+車位,新北市鶯歌區尖山路212巷1~30號,32.77,住,,,1071221,土地1建物1車位1,八層,十二層,住宅大樓(11層含以上有電梯),見其他登記事項,鋼筋混凝土造,1060803,175.57,3,2,2,有,有,9000000,51262,坡道平面,37.36,0,,RPWNMLLKKHOFFIF09DA
三峽區,土地,十三添段十三添小段151~180地號,397.0,,山坡地保育區,暫未編定,1071227,土地3建物0車位0,,,其他,,,,0.0,0,0,0,有,無,360279,908,,0.0,0,親友、員工或其他特殊關係間之交易。;,RPTNMLQLKHOFFIF76DA
板橋區,房地(土地+建物),新北市板橋區南雅西路二段301巷1~30號,59.0,住,,,1080107,土地1建物1車位0,全,二層,透天厝,住家用,加強磚造,0610222,82.32,4,3,3,有,無,15000000,182216,,0.0,0,含增建或未登記建物。;,RPRNMLLKKHOFFAF87EA
土城區,房地(土地+建物),新北市土城區中華路二段91~120號,27.82,住,,,1080108,土地1建物1車位0,六層,十六層,住宅大樓(11層含以上有電梯),住家用,鋼筋混凝土造,0871120,183.23000000000002,3,2,2,有,有,16000000,87322,,0.0,0,親友、員工或其他特殊關係間之交易。;,RPSOMLSKKHOFFAF78EA
板橋區,房地(土地+建物),新北市板橋區三民路二段35巷1~30號,13.89,住,,,1080117,土地1建物1車位0,二層,二十一層,住宅大樓(11層含以上有電梯),住家用,鋼筋混凝土造,0810305,178.02,4,2,2,有,有,11200000,62914,,0.0,0,親友、員工或其他特殊關係間之交易。;,RPQQMLSJLHOFFAF78EA
新莊區,房地(土地+建物),新北市新莊區豐年街豐二巷31~60號,22.48,住,,,1080123,土地1建物1車位0,五層,五層,公寓(5樓含以下無電梯),住家用,鋼筋混凝土造,0720730,85.71,3,2,1,有,無,6000000,70004,,0.0,0,,RPQSMLMKKHOFFBF48EA
新店區,土地,玫瑰段451~480地號,1780.16,其他,,,1071130,土地12建物0車位0,,,其他,,,,0.0,0,0,0,有,無,14269985,8016,,0.0,0,包含公共設施保留地之交易。;,RPVOMLMKKHOFFCF68EA
淡水區,房地(土地+建物)+車位,新北市淡水區中正東路一段3巷14弄1~30號,21.43,住,,,1071229,土地2建物1車位1,九層,二十四層,住宅大樓(11層含以上有電梯),住家用,鋼筋混凝土造,0961121,178.42000000000002,4,2,2,有,有,12780000,71629,坡道平面,17.73,0,陽台外推,RPSOMLQJLHOFFEF98EA
平溪區,土地,石底段嶺腳寮小段61~90地號,289.33,,森林區,農牧用地,1080115,土地3建物0車位0,,,其他,,,,0.0,0,0,0,有,無,220000,760,,0.0,0,親友、員工或其他特殊關係間之交易。;,RPRNMLLKKHOFFFF38EA
三重區,土地,仁義段811~840地號,3.0,其他,,,1080125,土地1建物0車位0,,,其他,,,,0.0,0,0,0,有,無,300000,100000,,0.0,0,,RPRNMLNKKHOFFGF68EA
三重區,房地(土地+建物),新北市三重區大勇街31~60號,27.6,住,,,1080103,土地2建物1車位0,四層,五層,公寓(5樓含以下無電梯),住家用,鋼筋混凝土造,0720129,82.51,3,2,2,有,無,5200000,63023,,0.0,0,親友、員工或其他特殊關係間之交易。;,RPWNMLNKKHOFFGF56EA
